0.0,1.6316383153000473
0.10000000000000142,1.6231259380349552
0.1999999999999993,1.6141063057903178
0.3000000000000007,1.6045472219305523
0.3999999999999986,1.5944195603376055
0.5,1.5836980415678703
0.6000000000000014,1.572361961547602
0.6999999999999993,1.560395854979457
0.8000000000000007,1.5477900772331288
0.8999999999999986,1.5345412905532134
1.0,1.5206528428849246
1.1000000000000014,1.506135030437007
1.1999999999999993,1.4910052381875758
1.3000000000000007,1.475287955765665
1.3999999999999986,1.459014669355773
1.5,1.4422236333329486
1.6000000000000014,1.424959528133748
1.6999999999999993,1.4072730133271216
1.8000000000000007,1.389220186921524
1.8999999999999986,1.3708619636204784
2.0,1.3522633860472015
2.1000000000000014,1.3334928839420965
2.1999999999999993,1.3146214970104146
2.3000000000000007,1.29572207742548
2.3999999999999986,1.2768684879027772
2.5,1.2581348106816115
2.6000000000000014,1.2395945816507636
2.6999999999999993,1.2213200622526075
2.8000000000000007,1.2033815597753725
2.8999999999999986,1.1858468043303858
3.0,1.1687803883793642
3.1000000000000014,1.1522432722897458
3.1999999999999993,1.136292357175988
3.3000000000000007,1.1209801243057138
3.3999999999999986,1.106354338656876
3.5,1.0924578128426343
3.6000000000000014,1.0793282266044086
3.6999999999999993,1.0669979964226175
3.8000000000000007,1.0554941894989764
3.8999999999999986,1.0448384764003626
4.0,1.0350471169934694
4.100000000000001,1.0261309749031746
4.199999999999999,1.0180955565347083
4.300000000000001,1.0109410716240101
4.399999999999999,1.004662513227561
4.5,0.9992497559551207
4.600000000000001,0.9946876720393069
4.699999999999999,0.9909562655033919
4.800000000000001,0.9880308252258238
4.899999999999999,0.9858820981088435
5.0,0.9844764838508556
5.100000000000001,0.9837762530158654
5.199999999999999,0.9837397902005779
5.300000000000001,0.9843218641134343
5.399999999999999,0.9854739262697411
5.5,0.9871444397325334
5.600000000000001,0.989279238860369
5.699999999999999,0.9918219203583855
5.800000000000001,0.9947142650945761
5.899999999999999,0.9978966891868845
6.0,1.0013087218450998
6.100000000000001,1.004889506422854
6.199999999999999,1.0085783201560732
6.300000000000001,1.0123151071904315
6.399999999999999,1.0160410187876356
6.5,1.0196989541053822
6.600000000000001,1.0232340947152783
6.699999999999999,1.0265944260687945
6.800000000000001,1.0297312393974416
6.899999999999999,1.0325996079424997
7.0,1.0351588318470675
7.100000000000001,1.037372846448016
7.199999999999999,1.039210589074241
7.300000000000001,1.0406463198090359
7.399999999999999,1.0416598920052593
7.5,1.0422369686255883
7.600000000000001,1.0423691807061564
7.699999999999999,1.042054224443217
7.800000000000001,1.0412958936327945
7.899999999999999,1.0401040444808693
8.0,1.0384944901364177
8.100000000000001,1.036488822668695
8.2,1.0341141606406228
8.3,1.0314028209924593
8.399999999999999,1.028391914721157
8.5,1.025122866867694
8.600000000000001,1.0216408626136286
8.7,1.0179942228126322
8.8,1.0142337139893582
8.899999999999999,1.0104117996495516
9.0,1.0065818415664276
9.100000000000001,1.0027972614310905
9.2,0.9991106747639172
9.3,0.9955730101728946
9.399999999999999,0.992232627848062
9.5,0.9891344516018957
9.600000000000001,0.9863191288684565
9.7,0.9838222329366453
9.8,0.9816735213567117
9.899999999999999,0.9798962639275581
10.0,0.9785066529458238
10.100000000000001,0.9775133075023754
10.2,0.9769168825892136
10.3,0.9767097926503719
10.399999999999999,0.9768760579492417
10.5,0.9773912806729235
10.600000000000001,0.9782227559920097
10.7,0.9793297213092029
10.8,0.9806637446646911
10.899999999999999,0.9821692507469552
11.0,0.983784180219366
11.100000000000001,0.9854407751560549
11.2,0.9870664803537105
11.3,0.9885849472727342
11.399999999999999,0.9899171245348212
11.5,0.9909824164416174
11.600000000000001,0.9916998890111708
11.7,0.9919895016257944
11.8,0.991773341581395
11.899999999999999,0.9909768386476568
12.0,0.9895299371952742
12.100000000000001,0.9873682044812652
12.200000000000003,0.9844338552206522
12.299999999999997,0.9806766745140009
12.399999999999999,0.9760548234693497
12.5,0.9705355144019397
12.600000000000001,0.9640955452641768
12.700000000000003,0.9567216858870362
12.799999999999997,0.9484109116405828
12.899999999999999,0.9391704832065808
13.0,0.929017874280836
13.100000000000001,0.9179805521551551
13.200000000000003,0.9060956191937979
13.299999999999997,0.8934093261000502
13.399999999999999,0.8799764704371152
13.5,0.8658596960125828
13.600000000000001,0.8511287103633519
13.700000000000003,0.8358594386023113
13.799999999999997,0.8201331322403239
13.899999999999999,0.804035451248729
14.0,0.7876555366068015
14.100000000000001,0.7710850889668344
14.200000000000003,0.7544174669864881
14.299999999999997,0.7377468164671667
14.399999999999999,0.7211672388542619
14.5,0.7047720050535272
14.600000000000001,0.6886528180269013
14.700000000000003,0.6728991253433917
14.799999999999997,0.6575974808414011
14.899999999999999,0.6428309528635864
15.0,0.6286785751984905
15.100000000000001,0.6152148359177259
15.200000000000003,0.6025091987031486
15.299999999999997,0.5906256509619874
15.399999999999999,0.5796222729942124
15.5,0.5695508227140702
15.600000000000001,0.5604563309727518
15.700000000000003,0.5523767034004973
15.799999999999997,0.5453423258567792
15.899999999999999,0.539375671990479
16.0,0.5344909130248061
16.1,0.5306935316755146
16.200000000000003,0.5279799440581006
16.299999999999997,0.5263371354687852
16.4,0.5257423179313798
16.5,0.5261626192967113
16.6,0.5275548154124283
16.700000000000003,0.5298651184199136
16.799999999999997,0.5330290355381005
16.9,0.5369713136949407
17.0,0.5416059860068857
17.1,0.5468365363590667
17.200000000000003,0.5525561981973999
17.299999999999997,0.5586484030878307
17.4,0.5649873935852197
17.5,0.5714390134490624
17.6,0.5778616862392588
17.700000000000003,0.5841075908385382
17.799999999999997,0.5900240394954982
17.9,0.5954550605785764
18.0,0.6002431844133259
18.1,0.6042314264223232
18.200000000000003,0.6072654574123503
18.299999999999997,0.6091959463718964
18.4,0.6098810566453894
18.5,0.6091890719132595
18.6,0.6070011241027834
18.700000000000003,0.6032139912552226
18.799999999999997,0.5977429295331527
18.9,0.5905245000028088
19.0,0.5815193476124246
19.1,0.5707148869845605
19.200000000000003,0.5581278473554454
19.299999999999997,0.5438066273442863
19.4,0.5278334093287328
19.5,0.5103259831364748
19.6,0.49143922962487996
19.700000000000003,0.4713662165786762
19.799999999999997,0.450338862241598
19.9,0.4286281257033558
20.0,0.40654368825453613
20.1,0.3844330956527727
20.200000000000003,0.36268033795425086
20.299999999999997,0.3417038510801244
20.4,0.3219539325221243
20.5,0.3039095724544627
20.6,0.28807471091180287
20.700000000000003,0.2749739415077831
20.799999999999997,0.26514769228788104
20.9,0.25914692460151073
21.0,0.25752740118010103
21.1,0.2608435847210114
21.200000000000003,0.2696422379672716
21.299999999999997,0.2844558052884917
21.4,0.305795663858217
21.5,0.3341453394446152
21.6,0.369953787343513
21.700000000000003,0.41362884284470447
21.799999999999997,0.4655309476141096
21.9,0.525967258330032
22.0,0.5951862417394385
22.1,0.6733728559729005
22.200000000000003,0.7606444114902674
22.299999999999997,0.8570471964674157
22.4,0.9625539408485743
22.5,1.0770621807757843
22.6,1.200393570787742
22.700000000000003,1.3322941752192075
22.799999999999997,1.472435752900983
22.9,1.6204180310148886
23.0,1.7757719454597167
23.1,1.9379638071241247
23.200000000000003,2.106400336816242
23.299999999999997,2.2804344968795776
23.4,2.4593720350871475
23.5,2.6424786463425227
23.6,2.8289876499241293
23.700000000000003,3.0181080742938
23.799999999999997,3.2090330376547183
23.9,3.4009483103226246
24.0,3.5930409444348306
24.1,3.784507857460701
24.200000000000003,3.9745642583370935
24.299999999999997,4.162451808840197
24.4,4.347446418077985
24.5,4.5288655747904745
24.6,4.706075130448121
24.700000000000003,4.878495455820418
24.799999999999997,5.045606904574213
24.9,5.206954529385316
25.0,5.362152008864177
25.1,5.510884757159072
25.200000000000003,5.652912202195517
25.299999999999997,5.788069232816155
25.4,5.91626682918127
25.5,6.037491904223194
25.6,6.151806396295498
25.700000000000003,6.259345664052337
25.799999999999997,6.360316243712836
25.9,6.454993035928622
26.0,6.543715994273872
26.1,6.6268863898503945
26.200000000000003,6.704962726748042
26.299999999999997,6.778456381341657
26.4,6.847927034881109
26.5,6.913977963752476
26.6,6.977251245355506
26.700000000000003,7.0384229299818495
26.799999999999997,7.098198220653685
26.9,7.157306693869368
27.0,7.216497584870177
27.1,7.276535151669508
27.200000000000003,7.338194122998186
27.299999999999997,7.402255226877174
27.4,7.469500789061333
27.5,7.540710384344768
27.6,7.616656518836275
27.700000000000003,7.698100317923485
27.799999999999997,7.785787192858536
27.9,7.880442458799622
28.0,7.9827668787523205
28.1,8.09343211111908
28.200000000000003,8.213076043368977
28.299999999999997,8.342298000523812
28.4,8.48165382454273
28.5,8.631650829111868
28.6,8.792742643670715
28.700000000000003,8.965323970599517
28.799999999999997,9.14972529018559
28.9,9.346207559067533
29.0,9.554956959078638
29.1,9.776079764520148
29.200000000000003,10.009597406628428
29.299999999999997,10.255441824050193
29.4,10.513451197122862
29.5,10.78336617123145
29.6,11.064826680038157
29.700000000000003,11.357369482556205
29.799999999999997,11.660426528517291
29.9,11.973324263967143
30.0,12.295283983281056
30.1,12.625423324656271
30.200000000000003,12.962758993530846
30.299999999999997,13.306210782335672
30.4,13.654606935693975
30.5,14.006690887988878
30.6,14.3611293756027
30.700000000000003,14.716521899655515
30.799999999999997,15.071411487369552
30.9,15.42429667197547
31.0,15.77364458312511
31.1,16.117905012806645
31.200000000000003,16.45552529635877
31.299999999999997,16.784965824816457
31.4,17.10471598394365
31.5,17.41331029741861
31.6,17.709344537232642
31.700000000000003,17.991491553863533
31.799999999999997,18.258516572574077
31.9,18.509291700730785
32.0,18.74280939493577
32.1,18.958194646600674
32.2,19.154715660706092
32.3,19.331792824847593
32.4,19.48900579390701
32.5,19.626098549237255
32.6,19.742982329377966
32.7,19.839736371049195
32.8,19.916606443183703
32.9,19.974001201435282
33.0,20.012486434212068
33.1,20.032777312246285
33.2,20.03572879075883
33.3,20.022324345485483
33.4,19.993663250553215
33.5,19.95094662698091
33.6,19.895462505168855
33.7,19.82857015312508
33.8,19.75168392466257
33.9,19.666256879002283
34.0,19.57376441590841
34.1,19.47568815939194
34.2,19.37350030867916
34.3,19.268648657893387
34.4,19.16254246604501
34.5,19.056539336894076
34.6,18.951933244623334
34.7,18.849943816655475
34.8,18.75170695986769
34.9,18.658266891240434
35.0,18.57056960890825
35.1,18.489457815052404
35.2,18.41566727867923
35.3,18.34982460476993
35.4,18.29244635718569
35.5,18.243939466420716
35.6,18.20460283986854
35.7,18.174630081567592
35.8,18.154113220257727
35.9,18.143047338915515
36.0,18.141335995677736
36.1,18.148797325046576
36.2,18.165170709145055
36.3,18.190123911051746
36.4,18.223260565391886
36.5,18.264127925081667
36.6,18.312224767342787
36.7,18.367009366899477
36.8,18.427907449671768
36.9,18.49432004614494
37.0,18.565631169635374
37.1,18.64121525061174
37.2,18.720444263983616
37.3,18.802694491983928
37.4,18.88735287118753
37.5,18.973822878456843
37.6,19.061529917106395
37.7,19.149926171115084
37.8,19.23849490161343
37.9,19.326754166125195
38.0,19.414259947277046
38.1,19.50060868401774
38.2,19.585439204752156
38.3,19.668434067938254
38.4,19.749320321295528
38.5,19.82786969565392
38.6,19.90389825373761
38.7,19.977265518167872
38.8,20.04787310705715
38.9,20.115662909948792
39.0,20.180614841484893
39.1,20.242744214862892
39.2,20.302098781695534
39.3,20.358755489249415
39.4,20.412817010174457
39.5,20.464408103594977
39.6,20.51367186942104
39.7,20.560765959397763
39.8,20.605858808250083
39.9,20.64912594611475
40.0,20.690746449453624
40.1,20.730899582188993
40.2,20.769761672239355
40.3,20.807503261152362
40.4,20.84428655622699
40.5,20.880263205561963
40.6,20.915572407234116
40.7,20.950339354839674
40.8,20.98467401346258
40.9,21.018670213106812
41.0,21.052405040798792
41.1,21.08593850779133
41.2,21.11931346444759
41.3,21.152555732479886
41.4,21.185674422455154
41.5,21.218662404065135
41.6,21.25149689764836
41.7,21.28414015767768
41.8,21.316540222107584
41.9,21.348631705392155
42.0,21.380336617591663
42.1,21.411565197327434
42.2,21.442216752335145
42.3,21.47218050761139
42.4,21.501336466969736
42.5,21.529556298486444
42.6,21.556704257307928
42.7,21.582638160456547
42.8,21.607210427748758
42.9,21.63026920098652
43.0,21.651659550432825
43.1,21.671224773437363
43.2,21.688807785199234
43.3,21.704252596448015
43.4,21.717405867827363
43.5,21.728118526489364
43.6,21.73624742711951
43.7,21.741657037196802
43.8,21.74422112433213
43.9,21.743824421575837
44.0,21.740364244466264
44.099999999999994,21.733752031507365
44.2,21.72391477814356
44.3,21.710796333519227
44.400000000000006,21.694358529512822
44.5,21.674582112695166
44.599999999999994,21.651467451991145
44.7,21.62503499811281
44.8,21.59532547556817
44.900000000000006,21.562399794379523
45.0,21.52633867635218
45.099999999999994,21.487241999217463
45.2,21.445227870448107
45.3,21.400431450337685
45.400000000000006,21.35300355066861
45.5,21.303109040836162
45.599999999999994,21.250925097579202
45.7,21.196639337322186
45.8,21.14044787130309
45.900000000000006,21.082553323000365
46.0,21.023162845047036
46.099999999999994,20.96248616934257
46.2,20.900733720095015
46.3,20.838114815549073
46.400000000000006,20.774835980356418
46.5,20.711099386806275
46.599999999999994,20.647101439240128
46.7,20.583031511822174
46.8,20.519070845537502
46.900000000000006,20.45539160610313
47.0,20.39215610062837
47.099999999999994,20.3295161473893
47.2,20.267612589852643
47.3,20.20657494298223
47.400000000000006,20.14652115700771
47.5,20.08755748162146
47.599999999999994,20.02977841244988
47.7,19.973266701842586
47.8,19.91809341739226
47.900000000000006,19.864318033755985
48.0,19.811988545943912
48.099999999999994,19.761141595144153
48.2,19.711802601427095
48.3,19.663985901362526
48.400000000000006,19.617694892511846
48.5,19.57292219050039
48.599999999999994,19.529649807443885
48.7,19.487849362607633
48.8,19.447482337364768
48.900000000000006,19.408500387098147
49.0,19.370845722977418
49.099999999999994,19.334451576627444
49.2,19.29924276038834
49.3,19.26513633483502
49.400000000000006,19.23204239330019
49.5,19.199864970419362
49.599999999999994,19.168503078439745
49.7,19.137851871377887
49.8,19.10780393301826
49.900000000000006,19.078250680005514
50.0,19.04908386577245
50.099999999999994,19.02019716494684
50.2,18.99148781171583
50.3,18.962858260079408
50.400000000000006,18.93421782956891
50.5,18.905484297129647
50.599999999999994,18.876585394486014
50.7,18.847460170351734
50.8,18.81806017834923
50.900000000000006,18.788350454635946
51.0,18.758310254154974
51.099999999999994,18.727933521025722
51.2,18.697229076399054
51.3,18.66622051543028
51.400000000000006,18.63494581324923
51.5,18.603456647597746
51.599999999999994,18.571817453115745
51.7,18.54010422911357
51.8,18.508403128932137
51.900000000000006,18.47680886430717
52.0,18.445422962106637
52.099999999999994,18.414351913185655
52.2,18.383705254023603
52.3,18.353593621657314
52.400000000000006,18.32412682159418
52.5,18.29541194703552
52.599999999999994,18.267551585732566
52.7,18.240642147895457
52.8,18.214772344700968
52.900000000000006,18.190021842319158
53.0,18.166460111428027
53.099999999999994,18.14414548728133
53.2,18.123124450650458
53.3,18.103431135224685
53.400000000000006,18.08508706211287
53.5,18.06810109692786
53.599999999999994,18.05246961984305
53.7,18.038176894453954
53.8,18.02519561762862
53.900000000000006,18.01348762986215
54.0,18.00300476376712
54.099999999999994,17.993689806999118
54.2,17.985477555105213
54.3,17.978295929691036
54.400000000000006,17.972067138145558
54.5,17.96670885289791
54.599999999999994,17.96213539040934
54.7,17.958258872250735
54.8,17.954990352268766
54.900000000000006,17.9522408949949
55.0,17.949922591466454
55.099999999999994,17.947949499968743
55.2,17.946238501116884
55.3,17.944710059083803
55.400000000000006,17.943288883360758
55.5,17.941904487992268
55.599999999999994,17.940491647784988
55.7,17.938990753741027
55.8,17.937348073010124
55.900000000000006,17.93551592177655
56.0,17.933452762181837
56.099999999999994,17.931123236081103
56.2,17.928498148860932
56.3,17.92555441582799
56.400000000000006,17.92227498216661
56.5,17.918648725467992
56.599999999999994,17.914670347430782
56.7,17.910340258437103
56.8,17.905664455315677
56.900000000000006,17.900654389000824
57.0,17.895326815551268
57.099999999999994,17.889703621729655
57.2,17.883811615449822
57.3,17.877682271854898
57.400000000000006,17.87135142722701
57.5,17.864858914878294
57.599999999999994,17.858248139325674
57.7,17.85156558735629
57.8,17.84486027710688
57.900000000000006,17.8381831489478
58.0,17.831586404484703
58.099999999999994,17.8251228019745
58.2,17.818844917685137
58.3,17.81280438336769
58.400000000000006,17.807051110499984
58.5,17.80163251274087
58.599999999999994,17.796592739231677
58.7,17.791971932730704
58.8,17.787805527599488
58.900000000000006,17.78412360302749
59.0,17.780950306571036
59.099999999999994,17.778303362348723
59.2,17.776193677318258
59.3,17.77462505791631
59.400000000000006,17.773594047630482
59.5,17.77308989340103
59.599999999999994,17.773094644997936
59.7,17.77358338697333
59.8,17.77452459800416
59.900000000000006,17.775880627945998
60.0,17.777608279005992
60.099999999999994,17.779659474169502
60.2,17.78198199338708
60.3,17.78452025619552
60.400000000000006,17.78721612873055
60.5,17.790009733812667
60.599999999999994,17.792840245005436
60.7,17.795646648891747
60.8,17.79836846361297
60.900000000000006,17.8009464053074
61.0,17.80332299713172
61.099999999999994,17.805443118109707
61.2,17.80725449136453
61.3,17.808708113466636
61.400000000000006,17.809758628511872
61.5,17.81036465183589
61.599999999999994,17.81048904879099
61.7,17.81009917387639
61.8,17.809167075087462
61.900000000000006,17.807669668011506
62.0,17.805588884083154
62.099999999999994,17.802911797334474
62.2,17.799630733586625
62.3,17.795743365103796
62.400000000000006,17.791252792339765
62.5,17.78616761287036
62.599999999999994,17.780501976241105
62.7,17.774275622361632
62.8,17.76751390008358
62.900000000000006,17.760247761473966
63.0,17.752513725991157
63.099999999999994,17.744353807523897
63.2,17.735815396470176
63.3,17.726951089014957
63.400000000000006,17.71781845650594
63.5,17.708479749015737
63.599999999999994,17.69900152843701
63.7,17.689454227611566
63.8,17.679911633187654
63.900000000000006,17.670450291444983
64.0,17.661148838420303
64.1,17.652087258182956
64.2,17.643346075653767
64.3,17.635005492521856
64.4,17.627144476429542
64.5,17.619839814817407
64.6,17.613165145945214
64.7,17.607189980809885
64.8,17.601978730888018
64.9,17.597589757572127
65.0,17.594074459626132
65.1,17.59147641497571
65.2,17.589830592929143
65.3,17.589162652777432
65.4,17.58948834469486
65.5,17.59081302865724
65.6,17.593131326227553
65.7,17.596426918168717
65.8,17.600672497953152
65.9,17.605829887743685
66.0,17.611850319818853
66.1,17.618674882988977
66.2,17.62623513024206
66.3,17.634453840451147
66.4,17.64324592339101
66.5,17.652519453788024
66.6,17.662176817100388
66.7,17.672115947545826
66.8,17.68223163759894
66.9,17.692416897501428
67.0,17.70256434291094
67.1,17.712567588490185
67.2,17.72232262515699
67.3,17.731729159239418
67.4,17.740691893212844
67.5,17.74912173004039
67.6,17.75693688605982
67.7,17.764063900406533
67.8,17.770438531869413
67.9,17.77600653689962
68.0,17.780724325438577
68.1,17.78455949433836
68.2,17.787491241094788
68.3,17.789510662830363
68.4,17.79062094646429
68.5,17.790837455690433
68.6,17.790187719084482
68.7,17.788711321904277
68.8,17.786459702318673
68.9,17.783495850973964
69.0,17.779893910856348
69.1,17.77573867230254
69.2,17.771124956037124
69.3,17.76615687584151
69.4,17.760946972427174
69.5,17.755615211482517
69.6,17.750287841418782
69.7,17.74509610951539
69.8,17.740174838477753
69.9,17.73566086868509
70.0,17.731691374728314
70.1,17.728402068393113
70.2,17.72592530400736
70.3,17.72438810573152
70.4,17.723910139501623
70.5,17.724601654716512
70.6,17.726561422567865
70.7,17.729874699605922
70.8,17.73461124713479
70.9,17.740823439401805
71.0,17.7485444959397
71.1,17.757786875326733
71.2,17.768540868718617
71.3,17.78077343180286
71.4,17.794427293576824
71.5,17.809420379689456
71.6,17.825645586773437
71.7,17.84297094165068
71.8,17.861240174931954
71.9,17.880273732127634
72.0,17.899870237218902
72.1,17.919808414282127
72.2,17.939849462705265
72.3,17.9597398709297
72.4,17.979214642359842
72.5,17.998000895031183
72.6,18.015821784123062
72.7,18.032400684175737
72.8,18.047465556800027
72.9,18.06075342042602
73.0,18.072014831546095
73.1,18.081018282078283
73.2,18.087554415063014
73.3,18.09143996121283
73.4,18.09252130218295
73.5,18.09067757292292
73.6,18.085823224857574
73.7,18.077909983411686
73.8,18.066928146977368
73.9,18.052907189409424
74.0,18.035915644263998
74.1,18.016060266034675
74.2,17.993484481223877
74.3,17.96836615967309
74.4,17.94091475351207
74.5,17.91136786673548
74.6,17.879987332228307
74.7,17.847054884598002
74.8,17.812867526076097
74.9,17.77773268875754
75.0,17.741963299391347
75.1,17.705872852792027
75.2,17.669770596814416
75.3,17.633956925964718
75.4,17.5987190724573
75.5,17.564327173293854
75.6,17.531030780205576
75.7,17.49905586656556
75.8,17.46860237218443
75.9,17.439842313767972
76.0,17.412918476151813
76.1,17.387943687451262
76.2,17.36500067000122
76.3,17.34414244835634
76.4,17.325393285651586
76.5,17.30875011032382
76.6,17.29418438661275
76.7,17.281644374413887
76.8,17.271057716972553
76.9,17.262334288697485
77.0,17.255369230296502
77.1,17.250046094882798
77.2,17.246240027088152
77.3,17.243820897875413
77.4,17.242656320816074
77.5,17.242614481039
77.6,17.24356671565715
77.7,17.24538979395207
77.8,17.2479678566088
77.9,17.251193985446047
78.0,17.254971387856262
78.1,17.259214192913394
78.2,17.2638478681438
78.3,17.268809276713103
78.4,17.27404640389592
78.5,17.279517789019728
78.6,17.285191704598585
78.7,17.291045128132502
78.8,17.297062554093664
78.9,17.303234694035574
79.0,17.3095571117082
79.1,17.316028837796605
79.2,17.3226510057338
79.3,17.329425546260033
79.4,17.336353974203192
79.5,17.34343629641706
79.6,17.3506700649437
79.7,17.35804959428207
79.8,17.365565356236253
79.9,17.37320356033757
80.0,17.38094592244071
80.1,17.388769618872104
80.2,17.39664741847757
80.3,17.4045479801097
80.4,17.41243629865775
80.5,17.42027427892862
80.6,17.42802141385339
80.7,17.435635541844704
80.8,17.443073657709256
80.9,17.450292752194173
81.0,17.457250656797953
81.1,17.463906872704552
81.2,17.47022336546509
81.3,17.47616531024486
81.4,17.48170177590995
81.5,17.486806339684453
81.6,17.491457627254988
81.7,17.495639775798395
81.8,17.49934281939736
81.9,17.50256299778114
82.0,17.505302990421118
82.1,17.507572078784776
82.2,17.509386239963053
82.3,17.51076817486216
82.4,17.51174727370433
82.5,17.512359520859526
82.6,17.51264734026679
82.7,17.5126593821155
82.8,17.512450251155627
82.9,17.512080176996655
83.0,17.511614627002334
83.1,17.511123862888965
83.2,17.51068244292896
83.3,17.510368672767864
83.4,17.51026400920119
83.5,17.51045242261713
83.6,17.511019724917823
83.7,17.51205287037252
83.8,17.51363923698277
83.9,17.51586589567367
84.0,17.51881887416596
84.1,17.52258242189146
84.2,17.52723828184498
84.3,17.532864974786378
84.4,17.539537100674142
84.5,17.547324661641472
84.6,17.55629241029653
84.7,17.566499226728595
84.8,17.577997527360942
84.9,17.590832708656684
85.0,17.60504262856768
85.1,17.62065712847641
85.2,17.63769759826777
85.3,17.656176587193446
85.4,17.676097463432253
85.5,17.697454125654144
85.6,17.720230770274338
85.7,17.744401718201043
85.8,17.769931304588198
85.9,17.796773834423842
86.0,17.824873605876228
86.1,17.854165002376803
86.2,17.8845726535661
86.3,17.916011664494025
86.4,17.94838791182872
86.5,17.981598405285197
86.6,18.015531712077976
86.7,18.05006844197883
86.8,18.085081790504905
86.9,18.12043813776089
87.0,18.15599770035285
87.1,18.191615233486633
87.2,18.227140779919342
87.3,18.262420462048997
87.4,18.29729731333687
87.5,18.33161214557948
87.6,18.365204449222706
87.7,18.397913324754732
87.8,18.429578444049145
87.9,18.460041041271783
88.0,18.48914493360833
88.1,18.516737572586344
88.2,18.54267112703659
88.3,18.566803598570285
88.4,18.588999969670763
88.5,18.609133383055806
88.6,18.627086348936434
88.7,18.642751974322422
88.8,18.656035205729072
88.9,18.66685407358969
89.0,18.675140923403998
89.1,18.68084361522441
89.2,18.683926669678534
89.3,18.684372335644355
89.4,18.682181552291265
89.5,18.677374776793684
89.6,18.6699926488041
89.7,18.660096463766557
89.8,18.64776842927376
89.9,18.633111681814462
90.0,18.61625004534617
90.1,18.59732751808254
90.2,18.576507479535188
90.3,18.553971615893655
90.4,18.529918567896058
90.5,18.504562311147488
90.6,18.478130284272716
90.7,18.45086128538218
90.8,18.423003162143907
90.9,18.39481032524587
91.0,18.366541119038494
91.1,18.33845508646107
91.2,18.310810167860406
91.3,18.283859875033833
91.4,18.257850482904793
91.5,18.233018281790326
91.6,18.20958693325758
91.7,18.187764971968594
91.8,18.167743494496513
91.9,18.149694073730974
92.0,18.1337669341565
92.1,18.120089419046142
92.2,18.10876477553078
92.3,18.099871277622114
92.4,18.09346170063374
92.5,18.089563153195485
92.6,18.088177265460086
92.7,18.089280724538042
92.8,18.092826141069164
92.9,18.098743224464272
93.0,18.106940238892804
93.1,18.11730570757272
93.2,18.12971032929366
93.3,18.144009068353366
93.4,18.160043377251373
93.5,18.17764351061904
93.6,18.196630888967867
93.7,18.216820471807107
93.8,18.238023101350624
93.9,18.260047780265786
94.0,18.282703849688275
94.1,18.305803037122754
94.2,18.329161347978438
94.3,18.352600779359737
94.4,18.375950840194278
94.5,18.39904986756679
94.6,18.421746134965602
94.7,18.44389875383704
94.8,18.465378375228013
94.9,18.48606770318769
95.0,18.505861835722502
95.1,18.52466845215158
95.2,18.54240786748847
95.3,18.55901297497888
95.4,18.57442909734666
95.5,18.588613765921146
95.6,18.60153644488494
95.7,18.613178215556967
95.8,18.623531433022556
95.9,18.63259936466514
96.0,18.640395817425745
96.1,18.646944758142915
96.2,18.65227992930181
96.3,18.65644446102728
96.4,18.65949047912913
96.5,18.661478708287422
96.6,18.662478068873206
96.7,18.66256526529475
96.8,18.661824363044637
96.9,18.660346350715383
97.0,18.658228682065506
97.1,18.655574791686636
97.2,18.65249357594877
97.3,18.649098828819696
97.4,18.645508620157152
97.5,18.64184460257124
97.6,18.63823123237358
97.7,18.63479489077109
97.8,18.631662893432186
97.9,18.6289623797926
98.0,18.6268190778417
98.1,18.62535594548827
98.2,18.62469169576735
98.3,18.62493921984506
98.4,18.626203928609197
98.5,18.628582040124947
98.6,18.632158845956848
98.7,18.63700699402701
98.8,18.643184829181937
98.9,18.650734834964677
99.0,18.659682221220137
99.1,18.670033702012056
99.2,18.68177650676375
99.3,18.694877664462968
99.4,18.709283596247342
99.5,18.72492004590896
99.6,18.741692371072237
99.7,18.759486210186505
99.8,18.778168532097897
99.9,18.797589065849035
100.0,18.817582098615926
100.1,18.837968619618266
100.2,18.858558777865206
100.3,18.87915461219065
100.4,18.899553003586632
100.5,18.919548792666482
100.6,18.938937999459103
100.7,18.957521078961733
100.8,18.975106144283632
100.9,18.991512090023477
101.0,19.006571551745548
101.1,19.020133642798058
101.2,19.032066416801207
101.3,19.04225901241219
101.4,19.050623445986087
101.5,19.05709602711412
101.6,19.06163838140521
101.7,19.064238073960865
101.8,19.064908835454826
101.9,19.063690400289193
102.0,19.060647972792104
102.1,19.05587134283481
102.2,19.049473676695797
102.3,19.041590012645877
102.4,19.032375493673317
102.5,19.02200337201427
102.6,19.010662821645305
102.7,18.998556595603187
102.8,18.98589856497031
102.9,18.972911175703466
103.0,18.959822858270268
103.1,18.9468654233015
103.2,18.934271474133233
103.3,18.922271864199338
103.4,18.911093223857996
103.5,18.900955577646712
103.6,18.89207006948403
103.7,18.88463681025312
103.8,18.87884285965106
103.9,18.874860352156567
104.0,18.872844775379146
104.1,18.872933407854894
104.2,18.875243922552173
104.3,18.879873161940445
104.4,18.886896090371696
104.5,18.896364929551243
104.6,18.908308482841857
104.7,18.92273165392519
104.8,18.939615164915345
104.9,18.958915478446993
105.0,18.98056492764528
105.1,19.0044720573058
105.2,19.030522179089044
105.3,19.05857814302236
105.4,19.08848132703565
105.5,19.120052845596522
105.6,19.153094977758187
105.7,19.187392814065685
105.8,19.222716120643817
105.9,19.25882141714543
106.0,19.295454262771585
106.1,19.33235174110384
106.2,19.3692451300427
106.3,19.405862737939763
106.4,19.441932881339905
106.5,19.47718697389802
106.6,19.511362690249626
106.7,19.544207163140147
106.8,19.57548016723389
106.9,19.6049572390447
107.0,19.63243267965286
107.1,19.657722385508198
107.2,19.680666452753727
107.3,19.70113150212184
107.4,19.719012674506633
107.5,19.734235251782508
107.6,19.746755863335537
107.7,19.756563246093357
107.8,19.76367853448267
107.9,19.76815506648071
108.0,19.77007770241134
108.1,19.769561663962758
108.19999999999999,19.766750911684493
108.30000000000001,19.761816089627725
108.4,19.75495207553463
108.5,19.74637518373718
108.6,19.736320075302682
108.69999999999999,19.725036435549374
108.80000000000001,19.71278548253297
108.9,19.699836371338797
109.0,19.68646255804717
109.1,19.672938184210427
109.19999999999999,19.659534537763673
109.30000000000001,19.64651663972396
109.4,19.634139998199956
109.5,19.622647562715663
109.6,19.61226690335958
109.69999999999999,19.60320763150174
109.80000000000001,19.595659072293405
109.9,19.589788194122303
110.0,19.585737796628457
110.1,19.58362495662816
110.19999999999999,19.58353973013905
110.30000000000001,19.585544108444026
110.4,19.589671226565333
110.5,19.595924823409714
110.6,19.604278953956715
110.69999999999999,19.614677955018557
110.80000000000001,19.62703666723433
110.9,19.6412409171181
111.0,19.657148264257163
111.1,19.674589020206213
111.19999999999999,19.693367547165344
111.30000000000001,19.713263845914405
111.4,19.73403544333501
111.5,19.755419589801754
111.6,19.777135775465485
111.69999999999999,19.798888571792737
111.80000000000001,19.82037080054524
111.9,19.84126702657825
112.0,19.86125736331965
112.1,19.880021570560896
112.19999999999999,19.897243413415254
112.30000000000001,19.912615239355777
112.4,19.92584271766769
112.5,19.936649673005853
112.6,19.94478293254873
112.69999999999999,19.950017094940055
112.80000000000001,19.95215911931286
112.9,19.951052624876706
113.0,19.94658178668294
113.1,19.93867471217563
113.19999999999999,19.927306186724273
113.30000000000001,19.912499684912007
113.4,19.894328557925867
113.5,19.87291632562591
113.6,19.848436024128986
113.69999999999999,19.821108585137747
113.80000000000001,19.791200250639804
113.9,19.759019054676013
114.0,19.724910431236975
114.1,19.689252032687627
114.19999999999999,19.652447865390634
114.30000000000001,19.614921867723098
114.4,19.577111070156047
114.5,19.539458487442822
114.6,19.502405899265515
114.69999999999999,19.466386677900918
114.80000000000001,19.431818819535504
114.9,19.39909832977932
115.0,19.368593103829376
115.1,19.34063742789096
115.19999999999999,19.315527211255727
115.30000000000001,19.293516038279428
115.4,19.274812106881452
115.5,19.25957609574381
115.6,19.247919977014288
115.69999999999999,19.2399067661459
115.80000000000001,19.235551176728446
115.9,19.23482112681877
116.0,19.237640025061385
116.1,19.24388975018094
116.19999999999999,19.253414226347694
116.30000000000001,19.266023489442826
116.4,19.281498135242217
116.5,19.29959403971687
116.6,19.32004724357225
116.69999999999999,19.342578897252086
116.80000000000001,19.366900168356025
116.9,19.392717020365826
117.0,19.41973477957674
117.1,19.447662416200256
117.19999999999999,19.476216475769178
117.30000000000001,19.505124608135652
117.4,19.534128653232635
117.5,19.562987254992986
117.6,19.591477987032075
117.69999999999999,19.619398985644423
117.80000000000001,19.646570097175456
117.9,19.672833557738716
118.0,19.698054233308646
118.1,19.722119457103883
118.19999999999999,19.744938508573092
118.30000000000001,19.766441783988974
118.4,19.78657971252943
118.5,19.80532147368314
118.6,19.822653571718476
118.69999999999999,19.838578320623828
118.80000000000001,19.85311228826305
118.9,19.86628474161421
119.0,19.878136126312672
119.1,19.888716604024825
119.19999999999999,19.8980846612926
119.30000000000001,19.90630579420473
119.4,19.91345126517453
119.5,19.919596921659483
119.6,19.92482206217627
119.69999999999999,19.92920833275028
141,19.92920833275028