0.0,0.9986969754280903
0.10000000000000142,1.0194363524121892
0.1999999999999993,1.0387495985379387
0.3000000000000007,1.0545836538823692
0.3999999999999986,1.0652823231600297
0.5,1.0697602017608814
0.6000000000000014,1.067601038565159
0.6999999999999993,1.0590732798597333
0.8000000000000007,1.0450678052044504
0.8999999999999986,1.0269731665078194
1.0,1.0065104955205204
1.1000000000000014,0.9855529865152536
1.1999999999999993,0.9659535120244784
1.3000000000000007,0.9493990745863882
1.3999999999999986,0.9373035590543013
1.5,0.9307421916294635
1.6000000000000014,0.9304238843315185
1.6999999999999993,0.9366925198558215
1.8000000000000007,0.9495458662085535
1.8999999999999986,0.9686612963964367
2.0,0.9934204726054027
2.1000000000000014,1.0229298627575325
2.1999999999999993,1.0560392331725248
2.3000000000000007,1.0913647450782276
2.3999999999999986,1.1273257275167674
2.5,1.1622037920693298
2.6000000000000014,1.194229529969933
2.6999999999999993,1.2216961578727634
2.8000000000000007,1.2430924250074884
2.8999999999999986,1.2572405831465618
3.0,1.2634209228987225
3.1000000000000014,1.2614634170099075
3.1999999999999993,1.2517897559288285
3.3000000000000007,1.2353951914043253
3.3999999999999986,1.213768164820387
3.5,1.18875513534023
3.6000000000000014,1.1623864187349002
3.6999999999999993,1.1366844320213398
3.8000000000000007,1.1134774790731439
3.8999999999999986,1.0942401149253058
4.0,1.0799760894131034
4.100000000000001,1.0711532352690178
4.199999999999999,1.0676927744517584
4.300000000000001,1.0690094460915531
4.399999999999999,1.0740942961964632
4.5,1.0816291635468012
4.600000000000001,1.0901207049871053
4.699999999999999,1.098041828384333
4.800000000000001,1.1039691724039524
4.899999999999999,1.1067064077793938
5.0,1.105384445123483
5.100000000000001,1.099531142386159
5.199999999999999,1.089104981160995
5.300000000000001,1.0744896270217594
5.399999999999999,1.05644941850532
5.5,1.0360495450246645
5.600000000000001,1.0145485494602262
5.699999999999999,0.9932740749540563
5.800000000000001,0.973494647245069
5.899999999999999,0.9563002633972528
6.0,0.9425027662859811
6.100000000000001,0.9325640685563454
6.199999999999999,0.9265570791449516
6.300000000000001,0.9241613037405664
6.399999999999999,0.9246927519186604
6.5,0.9271658585115329
6.600000000000001,0.930383339765426
6.699999999999999,0.9330479803122961
6.800000000000001,0.9338881103194466
6.899999999999999,0.931786067408034
7.0,0.9258967329940853
7.100000000000001,0.9157421217495272
7.199999999999999,0.9012688554772984
7.300000000000001,0.8828586756803524
7.399999999999999,0.8612878220747557
7.5,0.8376383548961461
7.600000000000001,0.8131720653663647
7.699999999999999,0.789183988867757
7.800000000000001,0.7668562407376116
7.899999999999999,0.7471329075350294
8.0,0.730632863292607
8.100000000000001,0.7176104401497807
8.200000000000003,0.7079653973173545
8.299999999999997,0.701295412784847
8.399999999999999,0.6969780448754658
8.5,0.6942659692560972
8.600000000000001,0.6923796925206696
8.700000000000003,0.6905853416957719
8.799999999999997,0.6882502602261367
8.899999999999999,0.6848745123495856
9.0,0.6801008319296539
9.100000000000001,0.6737084386797095
9.200000000000003,0.6655973511737032
9.299999999999997,0.6557694981831406
9.399999999999999,0.6443114159435555
9.5,0.6313811682597558
9.600000000000001,0.6171999763670422
9.700000000000003,0.6020473907889213
9.799999999999997,0.5862578762632209
9.899999999999999,0.5702163548103102
10.0,0.5543503962646811
10.100000000000001,0.5391172216803884
10.200000000000003,0.5249844405359451
10.299999999999997,0.5124044793800477
10.399999999999999,0.5017839331653797
10.5,0.4934504099884882
10.600000000000001,0.4876205633813385
10.700000000000003,0.48437361644605254
10.799999999999997,0.48363457319337255
10.899999999999999,0.4851704374732649
11.0,0.4886012331416741
11.100000000000001,0.4934256646662319
11.200000000000003,0.49905916164983816
11.299999999999997,0.5048801538712964
11.399999999999999,0.510279103161079
11.5,0.5147044099483696
11.600000000000001,0.517699983275233
11.700000000000003,0.5189309078716972
11.799999999999997,0.5181958534346373
11.899999999999999,0.5154270489102711
12.0,0.5106802413452336
12.100000000000001,0.50411782129002
12.200000000000003,0.495988307024718
12.299999999999997,0.48660489831359477
12.399999999999999,0.4763250929659319
12.5,0.46553257274881177
12.600000000000001,0.4546217918203016
12.700000000000003,0.4439849946061087
12.799999999999997,0.43400083390002486
12.899999999999999,0.4250234731659961
13.0,0.41737114406796555
13.100000000000001,0.41131361197636285
13.200000000000003,0.40705876097476223
13.299999999999997,0.4047392882647075
13.399999999999999,0.40440100294165526
13.5,0.4059942996046811
13.600000000000001,0.4093700897398212
13.700000000000003,0.41428102628422697
13.799999999999997,0.4203884314809194
13.899999999999999,0.42727501109380095
14.0,0.4344631790398288
14.100000000000001,0.4414385236088003
14.200000000000003,0.447677514257173
14.299999999999997,0.45267796403938654
14.399999999999999,0.45599015627737877
14.5,0.4572461251519378
14.600000000000001,0.45618451010774264
14.700000000000003,0.45266869877885996
14.799999999999997,0.446696517819619
14.899999999999999,0.43840040926232543
15.0,0.42803783358549435
15.100000000000001,0.41597260689993626
15.200000000000003,0.4026489193194456
15.299999999999997,0.38856064370009985
15.399999999999999,0.3742189883630098
15.5,0.36012150263692333
15.600000000000001,0.3467249771261754
15.700000000000003,0.3344239861152724
15.799999999999997,0.3235358038765026
15.899999999999999,0.314291389128013
16.0,0.3068313978809306
16.1,0.30120606403246747
16.200000000000003,0.29737830696303796
16.299999999999997,0.29523020309040954
16.4,0.294573418653457
16.5,0.2951639868171987
16.6,0.2967210043484627
16.700000000000003,0.29894781587532454
16.799999999999997,0.3015534754452271
16.9,0.3042719827422324
17.0,0.30687701242445375
17.1,0.30919046059953137
17.200000000000003,0.3110839746931574
17.299999999999997,0.31247362986574717
17.4,0.31330901876534656
17.5,0.3135591280133083
17.6,0.3131982624989103
17.700000000000003,0.31219562132638845
17.799999999999997,0.31051162405819743
17.9,0.3081026620071512
18.0,0.3049339004695425
18.1,0.3009976565847328
18.200000000000003,0.2963333304856895
18.299999999999997,0.2910442771773393
18.4,0.28530743915234774
18.5,0.2793727606176441
18.6,0.2735509843610722
18.700000000000003,0.2681901167002569
18.799999999999997,0.26364255949915455
18.9,0.2602266043432113
19.0,0.2581874057242747
19.1,0.257663215948386
19.200000000000003,0.25866215928714953
19.299999999999997,0.26105315913946037
19.4,0.26457233575855243
19.5,0.26884399498528255
19.6,0.27341371970446704
19.700000000000003,0.27779009876340627
19.799999999999997,0.28149103825398825
19.9,0.2840901734368344
20.0,0.28525864189704636
20.1,0.284797630322109
20.200000000000003,0.2826579463323123
20.299999999999997,0.27894442150471255
20.4,0.27390487319916546
20.5,0.2679051125191195
20.6,0.261392745314919
20.700000000000003,0.2548533145952118
20.799999999999997,0.24876293183451464
20.9,0.2435420560623158
21.0,0.23951527691715183
21.1,0.23688143670311815
21.200000000000003,0.23569700563612336
21.299999999999997,0.23587361518446143
21.4,0.23718873177258518
21.5,0.23930722830717707
21.6,0.24181124727346376
21.700000000000003,0.24423589901668594
21.799999999999997,0.24610844940793383
21.9,0.2469884240739109
22.0,0.24650567517883776
22.1,0.24439335042807725
22.200000000000003,0.24051308130872617
22.299999999999997,0.23487035825309582
22.4,0.2276186240344619
22.5,0.21905100907206088
22.6,0.20957917264872467
22.700000000000003,0.19969981925467004
22.799999999999997,0.18995119035832234
22.9,0.18086371970843979
23.0,0.17291036571706112
23.1,0.16646240774143317
23.200000000000003,0.16175571089868124
23.299999999999997,0.15887099372163407
23.4,0.15772990998847092
23.5,0.15810704368172449
23.6,0.15965626172254893
23.700000000000003,0.16194826608265644
23.799999999999997,0.16451479387329968
23.9,0.16689409958568863
24.0,0.1686724760094807
24.1,0.16951767395096612
24.200000000000003,0.16920179279637956
24.299999999999997,0.16761294936495894
24.4,0.16475634318690133
24.5,0.16074611899877328
24.6,0.15578984738001303
24.700000000000003,0.15016769002282176
24.799999999999997,0.14420842561613043
24.9,0.13826440650157135
25.0,0.13268714580020816
25.1,0.1278046860234275
25.200000000000003,0.12390139439508595
25.299999999999997,0.12120061615167822
25.4,0.11985078456005155
25.5,0.11991592851137042
25.6,0.12137162966573523
25.700000000000003,0.12410707293073822
25.799999999999997,0.12793299652560647
25.9,0.1325945098208895
26.0,0.13778735901632216
26.1,0.1431764086600865
26.200000000000003,0.14841558506429167
26.299999999999997,0.15316885586941134
26.4,0.15713176645881666
26.5,0.16005271328419884
26.6,0.16175273586192576
26.700000000000003,0.16214227418644533
26.799999999999997,0.16123304467131117
26.9,0.15914294897329376
27.0,0.15609196510183712
27.1,0.15238763356070906
27.200000000000003,0.1484002135312293
27.299999999999997,0.1445295455616003
27.4,0.1411674250027853
27.5,0.1386602133129573
27.6,0.13727628724025007
27.700000000000003,0.1371820145202712
27.799999999999997,0.13842867999427122
27.9,0.14095145308314933
28.0,0.14458015314540715
28.1,0.14906023345344036
28.200000000000003,0.15408117737607588
28.299999999999997,0.1593086172196206
28.4,0.1644161570614829
28.5,0.16911314409599157
28.6,0.17316536440502583
28.700000000000003,0.17640667823916106
28.799999999999997,0.17874084395375822
28.9,0.18013411874416935
29.0,0.18060054025532152
29.1,0.18018289851780345
29.200000000000003,0.17893308843773653
29.299999999999997,0.17689562001054687
29.4,0.1740975036632147
29.5,0.17054660637315797
29.6,0.16623906717437306
29.700000000000003,0.16117467542881206
29.799999999999997,0.15537749144844923
29.9,0.14891775598388157
30.0,0.14193068655807123
30.1,0.13462834909043817
30.200000000000003,0.1273022813928669
30.299999999999997,0.120316355412392
30.4,0.11409078961626153
30.5,0.10907885891857733
30.6,0.10573782172126014
30.700000000000003,0.10449539506586979
30.799999999999997,0.10571326910938107
30.9,0.10964985895945834
31.0,0.11642554962140193
31.1,0.1259946516117693
31.200000000000003,0.13812868003904252
31.299999999999997,0.15241509271387824
31.4,0.16827422250867827
31.5,0.18499499902013497
31.6,0.2017875098380683
31.700000000000003,0.21784793178024806
31.799999999999997,0.23242935755949898
31.9,0.24491100167096433
32.0,0.25485839484599
32.1,0.26206827979182795
32.2,0.26659352676053616
32.3,0.2687450767829406
32.4,0.2690696051321265
32.5,0.26830345771491715
32.6,0.2673055637840938
32.7,0.2669742564704889
32.8,0.26815478391128905
32.9,0.27154544914656037
33.0,0.27761086463514956
33.1,0.2865110768625888
33.2,0.2980554065772562
33.3,0.3116893258334197
33.4,0.32652076313103556
33.5,0.3413882782290823
33.6,0.35496766416826936
33.7,0.3659067061099969
33.8,0.3729717357082304
33.9,0.3751860846741162
34.0,0.3719408208569276
34.1,0.36306239357195647
34.2,0.34882897278249914
34.3,0.32993554484147236
34.4,0.3074153937904689
34.5,0.282531128408387
34.6,0.2566512825466081
34.7,0.23112868997638858
34.8,0.20719468997907967
34.9,0.18587936487547474
35.0,0.16796317071022104
35.1,0.1539602704441342
35.2,0.14412939586201104
35.3,0.13850485948310942
35.4,0.13693887187858692
35.5,0.13914660993680786
35.6,0.14474708634683575
35.7,0.15329512553988148
35.8,0.16430208789664144
35.9,0.17724512449010812
36.0,0.19156670059578806
36.1,0.20666801673334478
36.2,0.22190171712045156
36.3,0.23657045313998384
36.4,0.24993773816219872
36.5,0.26125555025772346
36.6,0.26980942057743684
36.7,0.27497714154763186
36.8,0.27629302875724654
36.9,0.27350712292508783
37.0,0.26662860874120853
37.1,0.2559450927311074
37.2,0.24201347246203384
37.3,0.22562270583806346
37.4,0.20773267686563252
37.5,0.18939593321235476
37.6,0.17167037336067298
37.7,0.1555313474471753
37.8,0.14179139695215215
37.9,0.13103508537521472
38.0,0.12357506289356669
38.1,0.11943367737889711
38.2,0.118352156552785
38.3,0.11982677674272021
38.4,0.12316872627653214
38.5,0.12758186185070527
38.6,0.13225057591159803
38.7,0.1364288583003602
38.8,0.13952155164888433
38.9,0.141149748899263
39.0,0.1411939947045962
39.1,0.13981104831846142
39.2,0.13742217744426233
39.3,0.1346732706422185
39.4,0.13236963159675508
39.5,0.1313911652716278
39.6,0.1325964017025415
39.7,0.13672570779037918
39.8,0.14431443516074674
39.9,0.15562541234427515
40.0,0.17060744094395147
40.099999999999994,0.18888300584030485
40.2,0.20976506643934292
40.3,0.23230020768127116
40.400000000000006,0.25533385191043273
40.5,0.27759241403848983
40.599999999999994,0.2977766408348229
40.7,0.3146594347815181
40.8,0.3271802223080895
40.900000000000006,0.33452689430002097
41.0,0.336196302251389
41.099999999999994,0.3320259494071723
41.2,0.32219315613746086
41.3,0.3071831240716239
41.400000000000006,0.28773268041445077
41.5,0.2647604091861522
41.599999999999994,0.23929517320343818
41.7,0.21241349578666022
41.8,0.1851926259854128
41.900000000000006,0.15868152826301743
42.0,0.13388768513329508
42.099999999999994,0.11177436916432774
42.2,0.09326138440743835
42.3,0.07922218061250882
42.400000000000006,0.07047138125231389
42.5,0.06773878054505007
42.599999999999994,0.07162850976198737
42.7,0.08256512650138602
42.8,0.10073149275477812
42.900000000000006,0.12600599915953994
43.0,0.1579084928290861
43.099999999999994,0.19556483817276132
43.2,0.2376992182757954
43.3,0.2826610687343062
43.400000000000006,0.3284900979037505
43.5,0.3730185222026994
43.599999999999994,0.4140048793207517
43.7,0.4492890895870921
43.8,0.47695442705341506
43.900000000000006,0.4954794911540203
44.0,0.5038629206483579
44.099999999999994,0.5017059393759946
44.2,0.48924267699336726
44.3,0.4673146536299662
44.400000000000006,0.4372925956496175
44.5,0.40095479764727593
44.599999999999994,0.3603359372476555
44.7,0.3175631851113974
44.8,0.2746972011099804
44.900000000000006,0.2335938381943359
45.0,0.1957982840231461
45.099999999999994,0.16247788866591786
45.2,0.1343944132556012
45.3,0.11191204960496177
45.400000000000006,0.0950347966694313
45.5,0.08346545919840787
45.599999999999994,0.07667818098735722
45.7,0.07399664501696407
45.8,0.07467069221155609
45.900000000000006,0.07794511259753245
46.0,0.08311577015710557
46.099999999999994,0.089570007154385
46.2,0.09681028466966696
46.3,0.10446195574866612
46.400000000000006,0.11226757468377316
46.5,0.1200709726544267
46.599999999999994,0.12779447533329932
46.7,0.13541231816932892
46.8,0.14292280520721967
46.900000000000006,0.15032125579833866
47.0,0.157575394143385
47.099999999999994,0.16460461757567327
47.2,0.17126454094181728
47.3,0.17733825774207962
47.400000000000006,0.18253569222485685
47.5,0.18650210628565111
47.599999999999994,0.18883632209573484
47.7,0.18911869612448906
47.8,0.1869484250306166
47.900000000000006,0.18198928263269185
48.0,0.1740221753069494
48.099999999999994,0.16300182418073428
48.2,0.14911348053130216
48.3,0.1328240666476013
48.400000000000006,0.11492080732470443
48.5,0.09652960885170507
48.599999999999994,0.07910549109516193
48.7,0.06438857465682965
48.8,0.05432161499722792
48.900000000000006,0.05092879350057286
49.0,0.056160158004112476
49.099999999999994,0.07171132500628688
49.2,0.09883320857803732
49.3,0.13815082303249923
49.400000000000006,0.18951269577963126
49.5,0.2518923158006996
49.599999999999994,0.323359901016631
49.7,0.4011366670416158
49.8,0.48173528119351977
49.900000000000006,0.5611802992549403
50.0,0.635292494949824
50.099999999999994,0.7000126072993739
50.2,0.7517343378098222
50.3,0.7876140011511535
50.400000000000006,0.8058251162189775
50.5,0.8057302828482874
50.599999999999994,0.7879498113856157
50.7,0.7543165126629233
50.8,0.7077180618067919
50.900000000000006,0.6518409692327614
51.0,0.5908415526628136
51.099999999999994,0.5289777149327453
51.2,0.47023975621844954
51.3,0.41801852528888817
51.400000000000006,0.37484499461701465
51.5,0.3422271342753476
51.599999999999994,0.320598438920651
51.7,0.3093789062815238
51.8,0.30713556603912284
51.900000000000006,0.3118179781744106
52.0,0.3210362922588243
52.099999999999994,0.332346461276639
52.2,0.34350902779456816
52.3,0.35269382017096
52.400000000000006,0.3586118429335207
52.5,0.3605664313933599
52.599999999999994,0.35842708046368416
52.7,0.35253979168502375
52.8,0.3435957081046869
52.900000000000006,0.33248378616416957
53.0,0.320152520437826
53.099999999999994,0.3075005754954457
53.2,0.2953079028100836
53.3,0.28420945120786756
53.400000000000006,0.27470485806788025
53.5,0.26719102027702596
53.599999999999994,0.26200103381467466
53.7,0.2594329430146226
53.8,0.25975492012875473
53.900000000000006,0.263179385683981
54.0,0.26980623085373606
54.099999999999994,0.27954333896184785
54.2,0.2920194196282763
54.3,0.3065083540882778
54.400000000000006,0.32188506208947126
54.5,0.3366304558080695
54.599999999999994,0.34889802682427845
54.7,0.35664775598507875
54.8,0.35784488686331606
54.900000000000006,0.35071219271802007
55.0,0.3340155358365406
55.099999999999994,0.30735499035845665
55.2,0.27142887089872214
55.3,0.22823657886724066
55.400000000000006,0.18118851089733293
55.5,0.1350971742326478
55.599999999999994,0.09603281033476997
55.7,0.07103890724778682
55.8,0.06771736479288677
55.900000000000006,0.09370852414054444
56.0,0.15610588791479935
56.099999999999994,0.26085696851910767
56.2,0.41220842032605837
56.3,0.6122541552570478
56.400000000000006,0.8606388402369872
56.5,1.1544559531404948
56.599999999999994,1.4883602115696795
56.7,1.854890665140264
56.8,2.244976193928103
56.900000000000006,2.6485732895801064
57.0,3.0553702381459784
57.099999999999994,3.4554846289174805
57.2,3.8400836061563006
57.3,4.201868122100566
57.400000000000006,4.535381794936114
57.5,4.837128649441266
57.599999999999994,5.10550813606029
57.7,5.340596733602426
57.8,5.543820496176679
57.900000000000006,5.717570728181682
58.0,5.864815321578294
58.099999999999994,5.988751873259879
58.2,6.092537026458991
58.3,6.179111651544798
58.400000000000006,6.251125845208453
58.5,6.310953468829481
58.599999999999994,6.360774793239754
58.7,6.4026989378576165
58.8,6.4388958039377595
58.900000000000006,6.471710080696078
59.0,6.503736822361716
59.099999999999994,6.537847459695305
59.2,6.57716496244345
59.3,6.624995440594766
59.400000000000006,6.684729523269375
59.5,6.75972970224671
59.599999999999994,6.85321927792396
59.7,6.9681849374086795
59.8,7.107299293267832
59.900000000000006,7.272863407843135
60.0,7.466764037002264
60.099999999999994,7.690437292090128
60.2,7.944830221865885
60.3,8.230354401422886
60.400000000000006,8.546830482809087
60.5,8.893429005054644
60.599999999999994,9.268619443859388
60.7,9.670145022001742
60.8,10.095043601042024
60.900000000000006,10.539733779335354
61.0,11.000179663445698
61.099999999999994,11.47213814155625
61.2,11.95148010807432
61.3,12.43456361260017
61.400000000000006,12.918624198588729
61.5,13.402137866373968
61.599999999999994,13.885107351031689
61.7,14.369224484265304
61.8,14.857870871598529
61.900000000000006,15.355935086803557
62.0,15.869445118304185
62.099999999999994,16.405037455296203
62.2,16.969306341982413
62.3,17.568095535986597
62.400000000000006,18.205807453462015
62.5,18.884808351580237
62.599999999999994,19.605001893605923
62.7,20.363627459879282
62.8,21.15531580381997
62.900000000000006,21.972406023658806
63.0,22.80549790556478
63.099999999999994,23.644186349089683
63.2,24.47790341716614
63.3,25.29678137168288
63.400000000000006,26.092448424636526
63.5,26.858677868443127
63.599999999999994,27.591829246445684
63.7,28.291044657278007
63.8,28.95819088646871
63.900000000000006,29.59756533779197
64.0,30.215407399717357
64.1,30.819274258856534
64.2,31.417349548548774
64.3,32.017753961269776
64.4,32.62791947717363
64.5,33.25407460288534
64.6,33.900869365942555
64.7,34.57114883713324
64.8,35.26586577837801
64.9,35.98410913451324
65.0,36.723217084022146
65.1,37.47894201448725
65.2,38.245640028058546
65.3,39.01646804542868
65.4,39.783584389469766
65.5,40.53836030984761
65.6,41.27161740111993
65.7,41.97390795566985
65.8,42.635851843287334
65.9,43.24853482646801
66.0,43.80396005075186
66.1,44.29552869292073
66.2,44.71851078148321
66.3,45.070456990549566
66.4,45.35149968850101
66.5,45.56449749240979
66.6,45.714990835465926
66.7,45.8109544205522
66.8,45.86235364627803
66.9,45.8805339235541
67.0,45.877491671036836
67.1,45.865090651653446
67.2,45.854294347549114
67.3,45.85448272704493
67.4,45.87291060560532
67.5,45.91434741971121
67.6,45.980918178561424
67.7,46.07214586178537
67.8,46.185178647554615
67.9,46.315171970074
68.0,46.45578583254523
68.1,46.59975236300111
68.2,46.739467663875054
68.3,46.86756547758595
68.4,46.97743700126324
68.5,47.06366940919569
68.6,47.12238336460082
68.7,47.151456134172335
68.8,47.15062234778224
68.9,47.121450187574624
69.0,47.06719764387076
69.1,46.9925610880304
69.2,46.90333550328387
69.3,46.806010997626736
69.4,46.70733325368952
69.5,46.613856851848254
69.6,46.531520721807965
69.7,46.465274551766555
69.8,46.41878311130108
69.9,46.39423095954544
70.0,46.3922422512269
70.1,46.41191992334982
70.2,46.45099725761676
70.3,46.506084795286014
70.4,46.57298819903824
70.5,46.64706808423863
70.6,46.7236105705313
70.7,46.79817709212357
70.8,46.866904362287485
70.9,46.926731103164684
71.0,46.975537253224154
71.1,47.012192466109575
71.2,47.03652139927114
71.3,47.049201285067156
71.4,47.05161151915171
71.5,47.04565584183306
71.6,47.03357621395915
71.7,47.01777462173045
71.8,47.000655128710896
71.9,46.984493579249005
72.0,46.97133682032265
72.1,46.96292819793568
72.2,46.96065285154315
72.3,46.96549606822625
72.4,46.97801066147626
72.5,46.99829372445243
72.6,47.02597718879617
72.7,47.06023870899717
72.8,47.0998388762218
72.9,47.14318817090224
73.0,47.18844344322061
73.1,47.233629902769856
73.2,47.27678095240393
73.3,47.31608489783841
73.4,47.350025098930566
73.5,47.37749938644867
73.6,47.39790632446734
73.7,47.4111901327814
73.8,47.41784173885055
73.9,47.41885888731934
74.0,47.415672171323756
74.1,47.410045829158356
74.2,47.40396259728657
74.3,47.39950156278516
74.4,47.39871726942144
74.5,47.40352728203703
74.6,47.41561380368495
74.7,47.436342846140576
74.8,47.4667024220014
74.9,47.50725998776543
75.0,47.55813927184753
75.1,47.619017253283616
75.2,47.689142428930055
75.3,47.76737475823268
75.4,47.85224572976389
75.5,47.94203463582427
75.6,48.034855430501814
75.7,48.12874807794853
75.8,48.22176890172227
75.9,48.31207549479181
76.0,48.398002715904646
76.1,48.47812707941049
76.2,48.55131764904107
76.3,48.61677251620182
76.4,48.6740408950365
76.5,48.72303133924086
76.6,48.76400617623862
76.7,48.79756100860272
76.8,48.82458672416572
76.9,48.84621096811856
77.0,48.86371738077344
77.1,48.87844423354636
77.2,48.891668542462334
77.3,48.90448584493932
77.4,48.91769835200133
77.5,48.931724744234074
77.6,48.94654384599523
77.7,48.96168222385836
77.8,48.976252263710336
77.9,48.98904191092653
78.0,48.99864992227861
78.1,49.00365239726582
78.2,49.00277989665717
78.3,48.99508193277227
78.4,48.98005793516598
78.5,48.957739965701435
78.6,48.92872029316992
78.7,48.894124352546115
78.8,48.85553555277854
78.9,48.814882849394
79.0,48.77430524774543
79.1,48.736009229898904
79.2,48.70213467513698
79.3,48.67464148595478
79.4,48.65522329666522
79.5,48.64524823602764
79.6,48.64572221664134
79.7,48.6572691400711
79.8,48.680124262557705
79.9,48.714139694454545
80.0,48.75880249224944
80.1,48.81326536743323
80.2,48.87638868938665
80.3,48.9467917557747
80.4,49.02291185001638
80.5,49.10307051807013
80.6,49.18554626754373
80.7,49.26865085958208
80.8,49.350803493425936
80.9,49.43059547339111
81.0,49.50683893568999
81.1,49.578596768554576
81.2,49.64519520098758
81.3,49.70622342940806
81.4,49.76152489333469
81.5,49.811182926735604
81.6,49.855501212589495
81.7,49.894978285282996
81.8,49.930275461165834
81.9,49.96217791908293
82.0,49.99154797485999
82.1,50.01926793898003
82.2,50.04616894037737
82.3,50.07294379399329
82.4,50.10004708081045
82.5,50.127592499747365
82.6,50.15526313236255
82.7,50.18225185842182
82.8,50.20724615014604
82.9,50.22846542082923
83.0,50.24375246037018
83.1,50.25071494230177
83.2,50.24690869343033
83.3,50.23005056749071
83.4,50.198244808045615
83.5,50.15020323345474
83.6,50.085437736742726
83.7,50.00440453403248
83.8,49.90858324203891
83.9,49.80047903586171
84.0,49.68354153835368
84.1,49.56199942884383
84.2,49.440615956881615
84.3,49.324378754002595
84.4,49.218147439303976
84.5,49.12629239058736
84.6,49.052364305808595
84.7,48.998833937128225
84.8,48.96693386997853
84.9,48.95662104054278
85.0,48.96666276152655
85.1,48.99483321625959
85.2,49.038193740143036
85.3,49.09342012874065
85.4,49.15713487637498
85.5,49.22620271724014
85.6,49.29795458620516
85.7,49.37031739883759
85.8,49.4418426843887
85.9,49.51164292699268
86.0,49.579257348221404
86.1,49.64447674453946
86.2,49.70715940356785
86.3,49.767067884737386
86.4,49.82375085925312
86.5,49.87648629701195
86.6,49.92429270732458
86.7,49.96600461385699
86.8,50.00039833381885
86.9,50.02634641087789
87.0,50.042975526979305
87.1,50.04980398591656
87.2,50.04683985183433
87.3,50.03462743838105
87.4,50.014236273166404
87.5,49.98719236049774
87.6,49.95535706277148
87.7,49.92076472721685
87.8,49.88543583226824
87.9,49.851186530622414
88.0,49.819456667979246
88.1,49.79117623812265
88.2,49.766685427001384
88.3,49.74571699708954
88.4,49.7274427176921
88.5,49.71057851046575
88.6,49.69353653808882
88.7,49.674607325829946
88.8,49.65215191665164
88.9,49.62478355576135
89.0,49.59152058985778
89.1,49.55189671020468
89.2,49.5060203655694
89.3,49.45458077841313
89.4,49.39880236285847
89.5,49.34035210794941
89.6,49.281206281567265
89.7,49.2234847341376
89.8,49.16926383137477
89.9,49.12038235458414
90.0,49.07825756661953
90.1,49.04373000087269
90.2,49.01695481374396
90.3,48.99735464785222
90.4,48.98364397692456
90.5,48.97392798720564
90.6,48.96587055106838
90.7,48.95691660885052
90.8,48.94454570162761
90.9,48.92652723929077
91.0,48.9011460017317
91.1,48.86736938634851
91.2,48.824935936864726
91.3,48.77435628748533
91.4,48.71683039670391
91.5,48.654096208694774
91.6,48.58823278160212
91.7,48.52144475539724
91.8,48.45585500641246
91.9,48.39332895234468
92.0,48.335347703645496
92.1,48.282938822586466
92.2,48.23666426257311
92.3,48.19665714738073
92.4,48.16269422029729
92.5,48.13428959494046
92.6,48.11079683070717
92.7,48.09150848031792
92.8,48.07574379661644
92.9,48.06291632411109
93.0,48.052574812770644
93.1,48.04441434662236
93.2,48.03825964731209
93.3,48.03402773161726
93.4,48.03168057782329
93.5,48.031179065067285
93.6,48.032447438070164
93.7,48.03535414556809
93.8,48.0397113353167
93.9,48.04529203894661
94.0,48.05186093263112
94.1,48.05921138677448
94.2,48.06719900945523
94.3,48.07576145547978
94.4,48.08491704002137
94.5,48.09474035903162
94.6,48.105319710112845
94.7,48.11670602358915
94.8,48.12886457386018
94.9,48.141639067861234
95.0,48.15473430472944
95.1,48.16772010303494
95.2,48.18005634875122
95.3,48.19113663791827
95.4,48.200345670897505
95.5,48.20712341436583
95.6,48.21102781123032
95.7,48.21178829296424
95.8,48.2093447075237
95.9,48.20386971493448
96.0,48.19577573721288
96.1,48.185708827259006
96.2,48.17453096524004
96.3,48.16329020238483
96.4,48.153176413854894
96.5,48.145460550682216
96.6,48.14141738163118
96.7,48.142234821903415
96.8,48.14891580525836
96.9,48.162180686232695
97.0,48.18237963267956
97.1,48.209425779673296
97.2,48.242760657966606
97.3,48.28136228573118
97.4,48.323802141378714
97.5,48.36835018750786
97.6,48.41311896230102
97.7,48.45623088404528
97.8,48.49598901430673
97.9,48.53103097607481
98.0,48.560447959862145
98.1,48.58385500715654
98.2,48.601404472091694
98.3,48.61374125661395
98.4,48.62190545941666
98.5,48.62719460254727
98.6,48.63100258908523
98.7,48.63465507018474
98.8,48.63926045038699
98.9,48.64559255021871
99.0,48.65401590566071
99.1,48.66445904833176
99.2,48.67643583562676
99.3,48.689110352109914
99.4,48.701397037558976
99.5,48.71208453711357
99.6,48.719969703228266
99.7,48.72398776756982
99.8,48.723326164572754
99.9,48.717512372073834
100.0,48.70646949353881
100.1,48.69053628756979
100.2,48.67045068993992
100.3,48.64729793013002
100.4,48.62242668852317
100.5,48.597339641735886
100.6,48.573567902854904
100.7,48.552541509816294
100.8,48.53546937779831
100.9,48.52324147753793
101.0,48.51636349018475
101.1,48.51493037074346
101.2,48.51864078744343
101.3,48.526849733393696
101.4,48.53865197913807
101.5,48.5529848705849
101.6,48.568736136808134
101.7,48.584841930323535
101.8,48.60036291275438
101.9,48.61453145486452
102.0,48.6267695887328
102.1,48.63668348677521
102.2,48.64404453106802
102.3,48.64876874430376
102.4,48.650905325775035
102.5,48.65064143861192
102.6,48.6483246559631
102.7,48.64449745646919
102.8,48.639931312292234
102.9,48.6356431394651
103.0,48.63287606991602
103.1,48.633030860418955
103.2,48.637543624744524
103.3,48.64771809591064
103.4,48.664533034752196
103.5,48.688454151454515
103.6,48.719282576671716
103.7,48.7560680714656
103.8,48.797106147223595
103.9,48.84002625841316
104.0,48.881965352053406
104.1,48.919809067802774
104.19999999999999,48.95047334910945
104.30000000000001,48.97119363077944
104.4,48.97978820715818
104.5,48.97486700793838
104.6,48.955965664522175
104.69999999999999,48.92359521205282
104.80000000000001,48.879207564563444
104.9,48.825084341379494
105.0,48.764161463058336
105.1,48.69980513525721
105.19999999999999,48.635557588700884
105.30000000000001,48.57487359413449
105.4,48.52087045670004
105.5,48.476113452164576
105.6,48.44245463340164
105.69999999999999,48.420936196373056
105.80000000000001,48.41176197959978
105.9,48.414334087121425
106.0,48.42734687584035
106.1,48.448927128584415
106.19999999999999,48.47680625305452
106.30000000000001,48.50850771568854
106.4,48.541531696818154
106.5,48.57352049303904
106.6,48.60239282793446
106.69999999999999,48.626441663205426
106.80000000000001,48.644396048958534
106.9,48.655451158162734
107.0,48.65927153731091
107.1,48.65597183533725
107.19999999999999,48.64607836794347
107.30000000000001,48.630474701162406
107.4,48.610334764094425
107.5,48.587046954511436
107.6,48.56213170180637
107.69999999999999,48.53715339023863
107.80000000000001,48.51362668014972
107.9,48.492918335336434
108.0,48.4761488197664
108.1,48.46410182661514
108.19999999999999,48.45715245363542
108.30000000000001,48.45522450881051
108.4,48.45778461356649
108.5,48.46387685546462
108.6,48.47219814979651
108.69999999999999,48.48121139621367
108.80000000000001,48.48929004645747
108.9,48.494883076673325
109.0,48.496684207940866
109.1,48.49378554868581
109.19999999999999,48.48579575909815
109.30000000000001,48.472907084507234
109.4,48.455902950368355
109.5,48.43610585367928
109.6,48.41527189135807
109.69999999999999,48.395442648196834
109.80000000000001,48.378767897366146
109.9,48.36731464696927
110.0,48.36287983169846
110.1,48.36682466461179
110.19999999999999,48.37994714204259
110.30000000000001,48.40240492878758
110.4,48.433694706478555
110.5,48.47268787834956
110.6,48.517717856849615
110.69999999999999,48.566711270314464
110.80000000000001,48.61735328763158
110.9,48.6672746877811
111.0,48.71424518035542
111.1,48.75635506737832
111.19999999999999,48.79216733897026
111.30000000000001,48.82082554390689
111.4,48.842108535431635
111.5,48.85642964257206
111.6,48.864783241036974
111.69999999999999,48.868645450178974
111.80000000000001,48.8698382684717
111.9,48.87036876779745
112.0,48.872257307312125
112.1,48.877370425357626
112.19999999999999,48.88727391020277
112.30000000000001,48.90311875732395
112.4,48.9255677035905
112.5,48.95476433592902
112.6,48.99034220550747
112.69999999999999,49.031468886186175
112.80000000000001,49.07691909226946
112.9,49.12517057443939
113.0,49.17451560676039
113.1,49.223179643356886
113.19999999999999,49.26943824426241
113.30000000000001,49.31172454568149
113.4,49.34872209634589
113.5,49.379440363734126
113.6,49.403271167802316
113.69999999999999,49.420023495563676
113.80000000000001,49.42993288663256
113.9,49.4336417349214
114.0,49.43214944113601
114.1,49.42673573121832
114.19999999999999,49.418864751451515
114.30000000000001,49.41007993563174
114.4,49.40189950682894
114.5,49.39572066477889
114.6,49.39273847789621
114.69999999999999,49.393884127091845
114.80000000000001,49.39978613980571
114.9,49.41075660219467
115.0,49.42680146294368
115.1,49.447650594837995
115.19999999999999,49.47280088270115
115.30000000000001,49.50156563979183
115.4,49.53312605865445
115.5,49.566583523221055
115.6,49.601013316842895
115.69999999999999,49.63551949944887
115.80000000000001,49.66928826391138
115.9,49.70163485333708
116.0,49.73203871981671
116.1,49.76016316202873
116.19999999999999,49.78585801153762
116.30000000000001,49.80914571800355
116.4,49.83019205220309
116.5,49.84926335286283
116.6,49.86667379562026
